<Ui xmlns="http://www.blizzard.com/wow/ui/" xmlns:xsi="http://www.w3.org/2001/XMLSchema-instance" xsi:schemaLocation="http://www.blizzard.com/wow/ui/..\FrameXML\UI.xsd">
	<Script file="REFlexMain.lua"/>
	<Script file="REFlexUpdate.lua"/>
	<Script file="REFlexFunctions.lua"/>
	<Script file="REFlexMiniBar.lua"/>
	<Frame name="REFlex_Frame">
		<Scripts>
			<OnLoad> REFlex_OnLoad(self); </OnLoad>
			<OnEvent> REFlex_OnEvent(self,event,...); </OnEvent>
		</Scripts>
	</Frame>

	<Frame name="REFlex_ScoreTab" hidden="true" resizable="false" movable="false" parent="WorldStateScoreFrame">
		<Size>
			<AbsDimension x="200" y="37"/>
		</Size>
		<Backdrop bgFile="Interface\TutorialFrame\TutorialFrameBackground" edgeFile="Interface\DialogFrame\UI-DialogBox-Border" tile="true">
			<EdgeSize>
				<AbsValue val="16"/>
			</EdgeSize>
			<TileSize>
				<AbsValue val="32"/>
			</TileSize>
			<BackgroundInsets>
				<AbsInset left="5" right="5" top="5" bottom="5"/>
			</BackgroundInsets>
		</Backdrop>
		<Frames>
			<Button name="$parent_MsgGuild" inherits="OptionsButtonTemplate">
				<Anchors>
					<Anchor point="LEFT">
						<Offset>
							<AbsDimension x="8" y="0"/>
						</Offset>	
					</Anchor>
				</Anchors>
				<Scripts>
					<OnClick> REFlex_ScoreOnClick("GUILD"); </OnClick>
				</Scripts>		
			</Button>
			<Button name="$parent_MsgParty" inherits="OptionsButtonTemplate">
				<Anchors>
					<Anchor point="RIGHT">
						<Offset>
							<AbsDimension x="-8" y="0"/>
						</Offset>
					</Anchor>
				</Anchors>
				<Scripts>
					<OnClick> REFlex_ScoreOnClick("PARTY"); </OnClick>
				</Scripts>
			</Button>
		</Frames>
	</Frame>

	<Frame name="REFlex_Tab_ScoreHolder_Virtual" virtual="true">
		<Size>
			<AbsDimension y="100"/>
		</Size>
		<Anchors>
			<Anchor point="TOP"/>
			<Anchor point="LEFT"/>
			<Anchor point="RIGHT"/>
		</Anchors>
		<Layers>
			<Layer>
				<FontString name="$Parent_Line" justifyH="CENTER" inherits="SystemFont_OutlineThick_Huge4" text="-">
					<Anchors>
						<Anchor point="TOP">
							<Offset>
								<AbsDimension x="0" y="-40" />
							</Offset>
						</Anchor>
					</Anchors>
				</FontString>
				<FontString name="$Parent_Wins" justifyH="CENTER" inherits="SystemFont_OutlineThick_Huge4">
					<Color r="0" g="0.8" b="0" a="1"/>				
					<Anchors>
						<Anchor point="TOP">
							<Offset>
								<AbsDimension x="-40" y="-40" />
							</Offset>
						</Anchor>
					</Anchors>
				</FontString>
				<FontString name="$Parent_Lose" justifyH="CENTER" inherits="SystemFont_OutlineThick_Huge4">
					<Color r="0.8" g="0" b="0" a="1"/>				
					<Anchors>
						<Anchor point="TOP">
							<Offset>
								<AbsDimension x="40" y="-40" />
							</Offset>
						</Anchor>
					</Anchors>
				</FontString>
				<FontString name="$Parent_RBG" justifyH="CENTER" inherits="SystemFont_Shadow_Med1">
					<Anchors>
						<Anchor point="TOP">
							<Offset>
								<AbsDimension x="0" y="-66" />
							</Offset>
						</Anchor>
					</Anchors>
				</FontString>
				<FontString name="$Parent_KB1" justifyH="CENTER" inherits="SystemFont_Shadow_Med2">
					<Color r="0.8" g="0.5" b="0" a="1"/>
					<Anchors>
						<Anchor point="TOP">
							<Offset>
								<AbsDimension x="-130" y="-37" />
							</Offset>
						</Anchor>
					</Anchors>
				</FontString>
				<FontString name="$Parent_KB2" justifyH="CENTER" inherits="SystemFont_InverseShadow_Small">
					<Anchors>
						<Anchor point="TOP">
							<Offset>
								<AbsDimension x="-130" y="-54" />
							</Offset>
						</Anchor>
					</Anchors>
				</FontString>
				<FontString name="$Parent_KB3" justifyH="CENTER" inherits="SystemFont_InverseShadow_Small">
					<Anchors>
						<Anchor point="TOP">
							<Offset>
								<AbsDimension x="-130" y="-69" />
							</Offset>
						</Anchor>
					</Anchors>
				</FontString>
				<FontString name="$Parent_HK1" justifyH="CENTER" inherits="SystemFont_Shadow_Med2">
					<Color r="0.8" g="0.5" b="0" a="1"/>
					<Anchors>
						<Anchor point="TOP">
							<Offset>
								<AbsDimension x="130" y="-37" />
							</Offset>
						</Anchor>
					</Anchors>
				</FontString>
				<FontString name="$Parent_HK2" justifyH="CENTER" inherits="SystemFont_InverseShadow_Small">
					<Anchors>
						<Anchor point="TOP">
							<Offset>
								<AbsDimension x="130" y="-54" />
							</Offset>
						</Anchor>
					</Anchors>
				</FontString>
				<FontString name="$Parent_HK3" justifyH="CENTER" inherits="SystemFont_InverseShadow_Small">
					<Anchors>
						<Anchor point="TOP">
							<Offset>
								<AbsDimension x="130" y="-69" />
							</Offset>
						</Anchor>
					</Anchors>
				</FontString>
				<FontString name="$Parent_Damage1" justifyH="CENTER" inherits="SystemFont_Shadow_Med2">
					<Color r="0.8" g="0.5" b="0" a="1"/>
					<Anchors>
						<Anchor point="TOP">
							<Offset>
								<AbsDimension x="-260" y="-37" />
							</Offset>
						</Anchor>
					</Anchors>
				</FontString>
				<FontString name="$Parent_Damage2" justifyH="CENTER" inherits="SystemFont_InverseShadow_Small">
					<Anchors>
						<Anchor point="TOP">
							<Offset>
								<AbsDimension x="-260" y="-54" />
							</Offset>
						</Anchor>
					</Anchors>
				</FontString>
				<FontString name="$Parent_Damage3" justifyH="CENTER" inherits="SystemFont_InverseShadow_Small">
					<Anchors>
						<Anchor point="TOP">
							<Offset>
								<AbsDimension x="-260" y="-69" />
							</Offset>
						</Anchor>
					</Anchors>
				</FontString>
				<FontString name="$Parent_Healing1" justifyH="CENTER" inherits="SystemFont_Shadow_Med2">
					<Color r="0.8" g="0.5" b="0" a="1"/>
					<Anchors>
						<Anchor point="TOP">
							<Offset>
								<AbsDimension x="260" y="-37" />
							</Offset>
						</Anchor>
					</Anchors>
				</FontString>
				<FontString name="$Parent_Healing2" justifyH="CENTER" inherits="SystemFont_InverseShadow_Small">
					<Anchors>
						<Anchor point="TOP">
							<Offset>
								<AbsDimension x="260" y="-54" />
							</Offset>
						</Anchor>
					</Anchors>
				</FontString>
				<FontString name="$Parent_Healing3" justifyH="CENTER" inherits="SystemFont_InverseShadow_Small">
					<Anchors>
						<Anchor point="TOP">
							<Offset>
								<AbsDimension x="260" y="-69" />
							</Offset>
						</Anchor>
					</Anchors>
				</FontString>
			</Layer>
		</Layers>	
	</Frame>

	<Frame name="REFlex_Tab4_ScoreHolder_Virtual" virtual="true">
		<Size>
			<AbsDimension x="165" y="125"/>
		</Size>
		<Scripts>
			<OnEnter> REFlex_Tab4Hover(self); </OnEnter>
			<OnLeave> REFlex_Tab4Hover(self, true); </OnLeave>
		</Scripts>
		<Backdrop edgeFile="Interface\Tooltips\UI-Tooltip-Border" tile="true">
			<EdgeSize>
				<AbsValue val="16"/>
			</EdgeSize>
			<TileSize>
				<AbsValue val="16"/>
			</TileSize>
			<BackgroundInsets>
				<AbsInset left="5" right="5" top="5" bottom="5"/>
			</BackgroundInsets>
		</Backdrop>
		<Layers>
			<Layer>
				<FontString name="$Parent_Title" justifyH="CENTER" inherits="SystemFont_Shadow_Huge3">
					<Anchors>
						<Anchor point="TOP">
							<Offset>
								<AbsDimension x="0" y="-25" />
							</Offset>
						</Anchor>
					</Anchors>
				</FontString>
				<FontString name="$Parent_Line" justifyH="CENTER" inherits="SystemFont_OutlineThick_Huge4" text="-">
					<Anchors>
						<Anchor point="TOP">
							<Offset>
								<AbsDimension x="0" y="-70" />
							</Offset>
						</Anchor>
					</Anchors>
				</FontString>
				<FontString name="$Parent_Wins" justifyH="CENTER" inherits="SystemFont_OutlineThick_Huge4">
					<Color r="0" g="0.8" b="0" a="1"/>				
					<Anchors>
						<Anchor point="TOP">
							<Offset>
								<AbsDimension x="-40" y="-70" />
							</Offset>
						</Anchor>
					</Anchors>
				</FontString>
				<FontString name="$Parent_Lose" justifyH="CENTER" inherits="SystemFont_OutlineThick_Huge4">
					<Color r="0.8" g="0" b="0" a="1"/>				
					<Anchors>
						<Anchor point="TOP">
							<Offset>
								<AbsDimension x="40" y="-70" />
							</Offset>
						</Anchor>
					</Anchors>
				</FontString>
				<FontString name="$Parent_KB1" hidden="true" justifyH="CENTER" inherits="SystemFont_Shadow_Med2">
					<Color r="0.8" g="0.5" b="0" a="1"/>
					<Anchors>
						<Anchor point="TOP">
							<Offset>
								<AbsDimension x="-40" y="-15" />
							</Offset>
						</Anchor>
					</Anchors>
				</FontString>
				<FontString name="$Parent_KB2" hidden="true" justifyH="CENTER" inherits="SystemFont_InverseShadow_Small">
					<Anchors>
						<Anchor point="TOP">
							<Offset>
								<AbsDimension x="-40" y="-32" />
							</Offset>
						</Anchor>
					</Anchors>
				</FontString>
				<FontString name="$Parent_KB3" hidden="true" justifyH="CENTER" inherits="SystemFont_InverseShadow_Small">
					<Anchors>
						<Anchor point="TOP">
							<Offset>
								<AbsDimension x="-40" y="-47" />
							</Offset>
						</Anchor>
					</Anchors>
				</FontString>
				<FontString name="$Parent_HK1" hidden="true" justifyH="CENTER" inherits="SystemFont_Shadow_Med2">
					<Color r="0.8" g="0.5" b="0" a="1"/>
					<Anchors>
						<Anchor point="TOP">
							<Offset>
								<AbsDimension x="40" y="-15" />
							</Offset>
						</Anchor>
					</Anchors>
				</FontString>
				<FontString name="$Parent_HK2" hidden="true" justifyH="CENTER" inherits="SystemFont_InverseShadow_Small">
					<Anchors>
						<Anchor point="TOP">
							<Offset>
								<AbsDimension x="40" y="-32" />
							</Offset>
						</Anchor>
					</Anchors>
				</FontString>
				<FontString name="$Parent_HK3" hidden="true" justifyH="CENTER" inherits="SystemFont_InverseShadow_Small">
					<Anchors>
						<Anchor point="TOP">
							<Offset>
								<AbsDimension x="40" y="-47" />
							</Offset>
						</Anchor>
					</Anchors>
				</FontString>
				<FontString name="$Parent_Damage1" hidden="true" justifyH="CENTER" inherits="SystemFont_Shadow_Med2">
					<Color r="0.8" g="0.5" b="0" a="1"/>
					<Anchors>
						<Anchor point="TOP">
							<Offset>
								<AbsDimension x="-40" y="-70" />
							</Offset>
						</Anchor>
					</Anchors>
				</FontString>
				<FontString name="$Parent_Damage2" hidden="true" justifyH="CENTER" inherits="SystemFont_InverseShadow_Small">
					<Anchors>
						<Anchor point="TOP">
							<Offset>
								<AbsDimension x="-40" y="-87" />
							</Offset>
						</Anchor>
					</Anchors>
				</FontString>
				<FontString name="$Parent_Damage3" hidden="true" justifyH="CENTER" inherits="SystemFont_InverseShadow_Small">
					<Anchors>
						<Anchor point="TOP">
							<Offset>
								<AbsDimension x="-40" y="-102" />
							</Offset>
						</Anchor>
					</Anchors>
				</FontString>
				<FontString name="$Parent_Healing1" hidden="true" justifyH="CENTER" inherits="SystemFont_Shadow_Med2">
					<Color r="0.8" g="0.5" b="0" a="1"/>
					<Anchors>
						<Anchor point="TOP">
							<Offset>
								<AbsDimension x="40" y="-70" />
							</Offset>
						</Anchor>
					</Anchors>
				</FontString>
				<FontString name="$Parent_Healing2" hidden="true" justifyH="CENTER" inherits="SystemFont_InverseShadow_Small">
					<Anchors>
						<Anchor point="TOP">
							<Offset>
								<AbsDimension x="40" y="-87" />
							</Offset>
						</Anchor>
					</Anchors>
				</FontString>
				<FontString name="$Parent_Healing3" hidden="true" justifyH="CENTER" inherits="SystemFont_InverseShadow_Small">
					<Anchors>
						<Anchor point="TOP">
							<Offset>
								<AbsDimension x="40" y="-102" />
							</Offset>
						</Anchor>
					</Anchors>
				</FontString>
			</Layer>
		</Layers>	
	</Frame>

	<Frame name="REFlex_Tab6_ScoreHolder_Virtual" virtual="true">
		<Size>
			<AbsDimension x="340" y="125"/>
		</Size>
		<Backdrop edgeFile="Interface\Tooltips\UI-Tooltip-Border" tile="true">
			<EdgeSize>
				<AbsValue val="16"/>
			</EdgeSize>
			<TileSize>
				<AbsValue val="16"/>
			</TileSize>
			<BackgroundInsets>
				<AbsInset left="5" right="5" top="5" bottom="5"/>
			</BackgroundInsets>
		</Backdrop>
		<Layers>
			<Layer>
				<FontString name="$Parent_Title" justifyH="CENTER" inherits="SystemFont_Shadow_Huge3">
					<Anchors>
						<Anchor point="TOP">
							<Offset>
								<AbsDimension x="0" y="-10" />
							</Offset>
						</Anchor>
					</Anchors>
				</FontString>
				<FontString name="$Parent_Line" justifyH="CENTER" inherits="SystemFont_OutlineThick_Huge4" text="-">
					<Anchors>
						<Anchor point="TOP">
							<Offset>
								<AbsDimension x="0" y="-42" />
							</Offset>
						</Anchor>
					</Anchors>
				</FontString>
				<FontString name="$Parent_Wins" justifyH="CENTER" inherits="SystemFont_OutlineThick_Huge4">
					<Color r="0" g="0.8" b="0" a="1"/>				
					<Anchors>
						<Anchor point="TOP">
							<Offset>
								<AbsDimension x="-40" y="-42" />
							</Offset>
						</Anchor>
					</Anchors>
				</FontString>
				<FontString name="$Parent_Lose" justifyH="CENTER" inherits="SystemFont_OutlineThick_Huge4">
					<Color r="0.8" g="0" b="0" a="1"/>				
					<Anchors>
						<Anchor point="TOP">
							<Offset>
								<AbsDimension x="40" y="-42" />
							</Offset>
						</Anchor>
					</Anchors>
				</FontString>
				<FontString name="$Parent_Damage1" justifyH="CENTER" inherits="SystemFont_Shadow_Med2">
					<Color r="0.8" g="0.5" b="0" a="1"/>
					<Anchors>
						<Anchor point="TOP">
							<Offset>
								<AbsDimension x="-120" y="-70" />
							</Offset>
						</Anchor>
					</Anchors>
				</FontString>
				<FontString name="$Parent_Damage2" justifyH="CENTER" inherits="SystemFont_InverseShadow_Small">
					<Anchors>
						<Anchor point="TOP">
							<Offset>
								<AbsDimension x="-120" y="-87" />
							</Offset>
						</Anchor>
					</Anchors>
				</FontString>
				<FontString name="$Parent_Damage3" justifyH="CENTER" inherits="SystemFont_InverseShadow_Small">
					<Anchors>
						<Anchor point="TOP">
							<Offset>
								<AbsDimension x="-120" y="-102" />
							</Offset>
						</Anchor>
					</Anchors>
				</FontString>
				<FontString name="$Parent_Healing1" justifyH="CENTER" inherits="SystemFont_Shadow_Med2">
					<Color r="0.8" g="0.5" b="0" a="1"/>
					<Anchors>
						<Anchor point="TOP">
							<Offset>
								<AbsDimension x="120" y="-70" />
							</Offset>
						</Anchor>
					</Anchors>
				</FontString>
				<FontString name="$Parent_Healing2" justifyH="CENTER" inherits="SystemFont_InverseShadow_Small">
					<Anchors>
						<Anchor point="TOP">
							<Offset>
								<AbsDimension x="120" y="-87" />
							</Offset>
						</Anchor>
					</Anchors>
				</FontString>
				<FontString name="$Parent_Healing3" justifyH="CENTER" inherits="SystemFont_InverseShadow_Small">
					<Anchors>
						<Anchor point="TOP">
							<Offset>
								<AbsDimension x="120" y="-102" />
							</Offset>
						</Anchor>
					</Anchors>
				</FontString>
			</Layer>
		</Layers>	
	</Frame>
	
	<Frame name="REFlex_Tab6_ScoreHolder_VirtualB" virtual="true">
		<Size>
			<AbsDimension x="200" y="125"/>
		</Size>
		<Backdrop edgeFile="Interface\Tooltips\UI-Tooltip-Border" tile="true">
			<EdgeSize>
				<AbsValue val="16"/>
			</EdgeSize>
			<TileSize>
				<AbsValue val="16"/>
			</TileSize>
			<BackgroundInsets>
				<AbsInset left="5" right="5" top="5" bottom="5"/>
			</BackgroundInsets>
		</Backdrop>
		<Layers>
			<Layer>
				<FontString name="$Parent_Title" justifyH="CENTER" inherits="SystemFont_Shadow_Huge3">
					<Anchors>
						<Anchor point="TOP">
							<Offset>
								<AbsDimension x="0" y="-10" />
							</Offset>
						</Anchor>
					</Anchors>
				</FontString>
				<FontString name="$Parent_Line" justifyH="CENTER" inherits="SystemFont_OutlineThick_Huge4" text="-">
					<Anchors>
						<Anchor point="TOP">
							<Offset>
								<AbsDimension x="0" y="-40" />
							</Offset>
						</Anchor>
					</Anchors>
				</FontString>
				<FontString name="$Parent_Wins" justifyH="CENTER" inherits="SystemFont_OutlineThick_Huge4">
					<Color r="0" g="0.8" b="0" a="1"/>				
					<Anchors>
						<Anchor point="TOP">
							<Offset>
								<AbsDimension x="-40" y="-40" />
							</Offset>
						</Anchor>
					</Anchors>
				</FontString>
				<FontString name="$Parent_Lose" justifyH="CENTER" inherits="SystemFont_OutlineThick_Huge4">
					<Color r="0.8" g="0" b="0" a="1"/>				
					<Anchors>
						<Anchor point="TOP">
							<Offset>
								<AbsDimension x="40" y="-40" />
							</Offset>
						</Anchor>
					</Anchors>
				</FontString>
				<FontString name="$Parent_Damage1" justifyH="CENTER" inherits="SystemFont_Shadow_Med2">
					<Color r="0.8" g="0.5" b="0" a="1"/>
					<Anchors>
						<Anchor point="TOP">
							<Offset>
								<AbsDimension x="-50" y="-70" />
							</Offset>
						</Anchor>
					</Anchors>
				</FontString>
				<FontString name="$Parent_Damage2" justifyH="CENTER" inherits="SystemFont_InverseShadow_Small">
					<Anchors>
						<Anchor point="TOP">
							<Offset>
								<AbsDimension x="-50" y="-87" />
							</Offset>
						</Anchor>
					</Anchors>
				</FontString>
				<FontString name="$Parent_Damage3" justifyH="CENTER" inherits="SystemFont_InverseShadow_Small">
					<Anchors>
						<Anchor point="TOP">
							<Offset>
								<AbsDimension x="-50" y="-102" />
							</Offset>
						</Anchor>
					</Anchors>
				</FontString>
				<FontString name="$Parent_Healing1" justifyH="CENTER" inherits="SystemFont_Shadow_Med2">
					<Color r="0.8" g="0.5" b="0" a="1"/>
					<Anchors>
						<Anchor point="TOP">
							<Offset>
								<AbsDimension x="50" y="-70" />
							</Offset>
						</Anchor>
					</Anchors>
				</FontString>
				<FontString name="$Parent_Healing2" justifyH="CENTER" inherits="SystemFont_InverseShadow_Small">
					<Anchors>
						<Anchor point="TOP">
							<Offset>
								<AbsDimension x="50" y="-87" />
							</Offset>
						</Anchor>
					</Anchors>
				</FontString>
				<FontString name="$Parent_Healing3" justifyH="CENTER" inherits="SystemFont_InverseShadow_Small">
					<Anchors>
						<Anchor point="TOP">
							<Offset>
								<AbsDimension x="50" y="-102" />
							</Offset>
						</Anchor>
					</Anchors>
				</FontString>
			</Layer>
		</Layers>	
	</Frame>

	<Frame name="REFlex_MainTab" resizable="false" movable="true" hidden="true" parent="UIParent">
		<Size>
			<AbsDimension x="655" y="502"/>
		</Size>
		<Scripts>
			<OnLoad> self:RegisterForDrag("LeftButton"); tinsert(UISpecialFrames,"REFlex_MainTab"); PanelTemplates_SetNumTabs(REFlex_MainTab, 7);</OnLoad>
			<OnShow> PlaySound("igCharacterInfoOpen"); REFlex_MainTabShow(); </OnShow>
			<OnHide> PlaySound("igCharacterInfoClose"); </OnHide>
			<OnDragStart> self:StartMoving(); </OnDragStart>
			<OnDragStop> self:StopMovingOrSizing(); </OnDragStop>
		</Scripts>
		<Anchors>
			<Anchor point="CENTER"/>
		</Anchors>
		<Backdrop bgFile="Interface\DialogFrame\UI-DialogBox-Background" edgeFile="Interface\DialogFrame\UI-DialogBox-Border" tile="true">
			<EdgeSize>
				<AbsValue val="32"/>
			</EdgeSize>
			<TileSize>
				<AbsValue val="32"/>
			</TileSize>
			<BackgroundInsets>
				<AbsInset left="5" right="5" top="5" bottom="5"/>
			</BackgroundInsets>
		</Backdrop>
		<Layers>
			<Layer level="ARTWORK">
				<Texture name="$parent_Header" file="Interface\DialogFrame\UI-DialogBox-Header">
					<Size>
						<AbsDimension x="300" y="64"/>
					</Size>
					<Anchors>
						<Anchor point="TOP">
							<Offset>
								<AbsDimension x="0" y="12"/>
							</Offset>
						</Anchor>
					</Anchors>
				</Texture>
				<FontString name="$parent_Title" inherits="GameFontNormal">
					<Anchors>
						<Anchor point="TOP">
							<Offset>
								<AbsDimension x="0" y="-3" />
							</Offset>
						</Anchor>
					</Anchors>
				</FontString>
			</Layer>
		</Layers>
		<Frames>
			<Frame name="$parent_Tab1" hidden="true">
				<Anchors>
					<Anchor point="TOPLEFT"/>
					<Anchor point="BOTTOMRIGHT"/>
				</Anchors>
				<Scripts>
					<OnShow> REFlex_Tab1Show(); </OnShow>
				</Scripts>
				<Frames>
					<Frame name="$parent_Table">
						<Size>
							<AbsDimension y="1"/>
						</Size>
						<Anchors>
							<Anchor point="TOP">
								<Offset>
									<AbsDimension y="-102"/>
								</Offset>
							</Anchor>
							<Anchor point="LEFT" />
							<Anchor point="RIGHT" />
						</Anchors>
					</Frame>
				</Frames>
			</Frame>

			<Frame name="$parent_Tab2" hidden="true">
				<Anchors>
					<Anchor point="TOPLEFT"/>
					<Anchor point="BOTTOMRIGHT"/>
				</Anchors>
				<Scripts>
					<OnShow> REFlex_Tab2Show(); </OnShow>
				</Scripts>
				<Frames>
					<Frame name="$parent_Table">
						<Size>
							<AbsDimension y="1"/>
						</Size>
						<Anchors>
							<Anchor point="TOP">
								<Offset>
									<AbsDimension y="-102"/>
								</Offset>
							</Anchor>
							<Anchor point="LEFT" />
							<Anchor point="RIGHT" />
						</Anchors>
					</Frame>
				</Frames>
			</Frame>

			<Frame name="$parent_Tab3" hidden="true">
				<Anchors>
					<Anchor point="TOPLEFT"/>
					<Anchor point="BOTTOMRIGHT"/>
				</Anchors>
				<Scripts>
					<OnShow> REFlex_Tab3Show(); </OnShow>
				</Scripts>
				<Frames>
					<Frame name="$parent_Table">
						<Size>
							<AbsDimension y="1"/>
						</Size>
						<Anchors>
							<Anchor point="TOP">
								<Offset>
									<AbsDimension y="-102"/>
								</Offset>
							</Anchor>
							<Anchor point="LEFT" />
							<Anchor point="RIGHT" />
						</Anchors>
					</Frame>
				</Frames>
			</Frame>

			<Frame name="$parent_Tab7" hidden="true">
				<Anchors>
					<Anchor point="TOPLEFT"/>
					<Anchor point="BOTTOMRIGHT"/>
				</Anchors>
				<Scripts>
					<OnShow> REFlex_Tab7Show(); </OnShow>
				</Scripts>
				<Frames>
					<Frame name="$parent_Table">
						<Size>
							<AbsDimension y="1"/>
						</Size>
						<Anchors>
							<Anchor point="TOP">
								<Offset>
									<AbsDimension y="-102"/>
								</Offset>
							</Anchor>
							<Anchor point="LEFT" />
							<Anchor point="RIGHT" />
						</Anchors>
					</Frame>
					<EditBox name="$parent_SearchBoxDF" inherits="InputBoxTemplate">
						<Size><AbsDimension x="30" y="20"/></Size>
						<Anchors>
							<Anchor point="TOPLEFT">
								<Offset>
									<AbsDimension x="23" y="-37"/>
								</Offset>	
							</Anchor>
						</Anchors>
					</EditBox>
					<EditBox name="$parent_SearchBoxMF" inherits="InputBoxTemplate">
						<Size><AbsDimension x="30" y="20"/></Size>
						<Anchors>
							<Anchor point="LEFT" relativePoint="RIGHT" relativeTo="REFlex_MainTab_Tab7_SearchBoxDF">
								<Offset>
									<AbsDimension x="10" y="0"/>
								</Offset>
							</Anchor>
						</Anchors>
					</EditBox>
					<EditBox name="$parent_SearchBoxYF" inherits="InputBoxTemplate">
						<Size><AbsDimension x="40" y="20"/></Size>
						<Anchors>
							<Anchor point="LEFT" relativePoint="RIGHT" relativeTo="REFlex_MainTab_Tab7_SearchBoxMF">
								<Offset>
									<AbsDimension x="10" y="0"/>
								</Offset>
							</Anchor>
						</Anchors>
					</EditBox>
					<EditBox name="$parent_SearchBoxDT" inherits="InputBoxTemplate">
						<Size><AbsDimension x="30" y="20"/></Size>
						<Anchors>
							<Anchor point="TOPLEFT">
								<Offset>
									<AbsDimension x="23" y="-62"/>
								</Offset>	
							</Anchor>
						</Anchors>
					</EditBox>
					<EditBox name="$parent_SearchBoxMT" inherits="InputBoxTemplate">
						<Size><AbsDimension x="30" y="20"/></Size>
						<Anchors>
							<Anchor point="LEFT" relativePoint="RIGHT" relativeTo="REFlex_MainTab_Tab7_SearchBoxDT">
								<Offset>
									<AbsDimension x="10" y="0"/>
								</Offset>
							</Anchor>
						</Anchors>
					</EditBox>
					<EditBox name="$parent_SearchBoxYT" inherits="InputBoxTemplate">
						<Size><AbsDimension x="40" y="20"/></Size>
						<Anchors>
							<Anchor point="LEFT" relativePoint="RIGHT" relativeTo="REFlex_MainTab_Tab7_SearchBoxMT">
								<Offset>
									<AbsDimension x="10" y="0"/>
								</Offset>
							</Anchor>
						</Anchors>
					</EditBox>
					<Button name="$parent_Search" inherits="OptionsButtonTemplate">
						<Anchors>
							<Anchor point="LEFT" relativePoint="RIGHT" relativeTo="REFlex_MainTab_Tab7_SearchBoxYF">
								<Offset>
									<AbsDimension x="5" y="-1"/>
								</Offset>
							</Anchor>
						</Anchors>
						<Scripts>
							<OnClick> REFlex_Tab7SearchOnClick(); </OnClick>
						</Scripts>
					</Button>
					<Button name="$parent_Trigger" inherits="OptionsButtonTemplate">
						<Anchors>
							<Anchor point="BOTTOM" relativePoint="TOP" relativeTo="REFlex_MainTab_Tab7_Search">
								<Offset>
									<AbsDimension x="0" y="5"/>
								</Offset>
							</Anchor>
						</Anchors>
						<Scripts>
							<OnClick> REFlex_Tab7TriggerOnClick(); </OnClick>
						</Scripts>
					</Button>
					<Button name="$parent_Clear" inherits="OptionsButtonTemplate" >
						<Anchors>
							<Anchor point="LEFT" relativePoint="RIGHT" relativeTo="REFlex_MainTab_Tab7_SearchBoxYT">
								<Offset>
									<AbsDimension x="5" y="-1"/>
								</Offset>
							</Anchor>
						</Anchors>
						<Scripts>
							<OnClick> REFlex_Tab7ClearOnClick(); </OnClick>
						</Scripts>
					</Button>
				</Frames>
			</Frame>

			<Frame name="$parent_Tab5" hidden="true">
				<Anchors>
					<Anchor point="TOPLEFT"/>
					<Anchor point="BOTTOMRIGHT"/>
				</Anchors>
				<Scripts>
					<OnShow> REFlex_Tab5Show(); </OnShow>
				</Scripts>
				<Frames>
					<Frame name="$parent_Table">
						<Size>
							<AbsDimension y="1"/>
						</Size>
						<Anchors>
							<Anchor point="TOP">
								<Offset>
									<AbsDimension y="-102"/>
								</Offset>
							</Anchor>
							<Anchor point="LEFT" />
							<Anchor point="RIGHT" />
						</Anchors>
					</Frame>
					<Button name="$Parent_DropDown" inherits="UIDropDownMenuTemplate">
						<Anchors>
							<Anchor point="TOPLEFT">
								<Offset>
									<AbsDimension x="0" y="-14"/>
								</Offset>	
							</Anchor>
						</Anchors>
					</Button>
					<EditBox name="$parent_SearchBox" inherits="InputBoxTemplate">
						<Size><AbsDimension x="110" y="20"/></Size>
						<Anchors>
							<Anchor point="TOPLEFT">
								<Offset>
									<AbsDimension x="23" y="-50"/>
								</Offset>	
							</Anchor>
						</Anchors>
					</EditBox>
					<Button name="$parent_Search" inherits="OptionsButtonTemplate">
						<Anchors>
							<Anchor point="LEFT" relativePoint="TOPRIGHT" relativeTo="REFlex_MainTab_Tab5_SearchBox">
								<Offset>
									<AbsDimension x="5" y="1"/>
								</Offset>
							</Anchor>
						</Anchors>
						<Scripts>
							<OnClick> REFlex_SearchOnClick(); </OnClick>
						</Scripts>
					</Button>
					<Button name="$parent_Clear" inherits="OptionsButtonTemplate" >
						<Anchors>
							<Anchor point="LEFT" relativePoint="BOTTOMRIGHT" relativeTo="REFlex_MainTab_Tab5_SearchBox">
								<Offset>
									<AbsDimension x="5" y="-1"/>
								</Offset>
							</Anchor>
						</Anchors>
						<Scripts>
							<OnClick> REFlex_ClearOnClick(); </OnClick>
						</Scripts>
					</Button>
				</Frames>
			</Frame>

			<Frame name="$parent_Tab4" hidden="true">
				<Anchors>
					<Anchor point="TOPLEFT"/>
					<Anchor point="BOTTOMRIGHT"/>
				</Anchors>
				<Scripts>
					<OnShow> REFlex_Tab4Show(); </OnShow>
				</Scripts>
				<Frames>
					<Frame name="$parent_ScoreHolderSpecial">
						<Size>
							<AbsDimension x="350" y="125"/>
						</Size>
						<Backdrop edgeFile="Interface\Tooltips\UI-Tooltip-Border" tile="true">
							<EdgeSize>
								<AbsValue val="16"/>
							</EdgeSize>
							<TileSize>
								<AbsValue val="16"/>
							</TileSize>
							<BackgroundInsets>
								<AbsInset left="5" right="5" top="5" bottom="5"/>
							</BackgroundInsets>
						</Backdrop>
						<Anchors>
							<Anchor point="TOP" >
								<Offset>
									<AbsDimension x="0" y="-45" />
								</Offset>
							</Anchor>
						</Anchors>
						<Frames>
							<Frame name="$Parent_BarHonor">
								<Size>
									<AbsDimension x="310" y="25"/>
								</Size>
								<Backdrop edgeFile="Interface\Tooltips\UI-Tooltip-Border" tile="true">
									<EdgeSize>
										<AbsValue val="16"/>
									</EdgeSize>
								</Backdrop>	
								<Anchors>
									<Anchor point="TOP">
										<Offset>
											<AbsDimension x="0" y="-35" />
										</Offset>
									</Anchor>
								</Anchors>
								<Frames>
									<Statusbar minValue="0" maxValue="4000" frameStrata="LOW" name="$Parent_I">
										<Anchors>
											<Anchor point="BOTTOM">
												<Offset>
													<AbsDimension x="0" y="4" />
												</Offset>
											</Anchor>
											<Anchor point="TOP">
												<Offset>
													<AbsDimension x="0" y="-4" />
												</Offset>
											</Anchor>
											<Anchor point="LEFT">
												<Offset>
													<AbsDimension x="4" y="0" />
												</Offset>
											</Anchor>
											<Anchor point="RIGHT">
												<Offset>
													<AbsDimension x="-4" y="0" />
												</Offset>
											</Anchor>
										</Anchors>
									</Statusbar>
								</Frames>
								<Layers>
									<Layer>
										<FontString name="$Parent_Text" justifyH="CENTER" inherits="SystemFont_Small">
											<Anchors>
												<Anchor point="CENTER" />
											</Anchors>
										</FontString>	
									</Layer>
								</Layers>
							</Frame>
							<Frame name="$Parent_BarCP">
								<Size>
									<AbsDimension x="310" y="25"/>
								</Size>
								<Backdrop edgeFile="Interface\Tooltips\UI-Tooltip-Border" tile="true">
									<EdgeSize>
										<AbsValue val="16"/>
									</EdgeSize>
								</Backdrop>	
								<Anchors>
									<Anchor point="TOP">
										<Offset>
											<AbsDimension x="0" y="-88" />
										</Offset>
									</Anchor>
								</Anchors>
								<Frames>
									<Statusbar frameStrata="LOW" name="$Parent_I">
										<Anchors>
											<Anchor point="BOTTOM">
												<Offset>
													<AbsDimension x="0" y="4" />
												</Offset>
											</Anchor>
											<Anchor point="TOP">
												<Offset>
													<AbsDimension x="0" y="-4" />
												</Offset>
											</Anchor>
											<Anchor point="LEFT">
												<Offset>
													<AbsDimension x="4" y="0" />
												</Offset>
											</Anchor>
											<Anchor point="RIGHT">
												<Offset>
													<AbsDimension x="-4" y="0" />
												</Offset>
											</Anchor>
										</Anchors>
									</Statusbar>
								</Frames>
								<Layers>
									<Layer>
										<FontString name="$Parent_Text" justifyH="CENTER" inherits="SystemFont_Small">
											<Anchors>
												<Anchor point="CENTER" />
											</Anchors>
										</FontString>	
									</Layer>
								</Layers>
							</Frame>
						</Frames>
						<Layers>
							<Layer>
								<FontString name="$Parent_Honor" justifyH="CENTER" inherits="SystemFont_Shadow_Huge1">
									<Anchors>
										<Anchor point="TOP">
											<Offset>
												<AbsDimension x="0" y="-10" />
											</Offset>
										</Anchor>
									</Anchors>
								</FontString>
								<FontString name="$Parent_CP" justifyH="CENTER" inherits="SystemFont_Shadow_Huge1">
									<Anchors>
										<Anchor point="TOP">
											<Offset>
												<AbsDimension x="0" y="-63" />
											</Offset>
										</Anchor>
									</Anchors>
								</FontString>
							</Layer>
						</Layers>
					</Frame>

					<Frame name="$Parent_Bar">
						<Size>
							<AbsDimension x="1035" y="35"/>
						</Size>
						<Backdrop edgeFile="Interface\Tooltips\UI-Tooltip-Border" tile="true">
							<EdgeSize>
								<AbsValue val="16"/>
							</EdgeSize>
						</Backdrop>	
						<Anchors>
							<Anchor point="BOTTOM">
								<Offset>
									<AbsDimension x="0" y="20" />
								</Offset>
							</Anchor>
						</Anchors>
						<Frames>
							<Statusbar minValue="0" frameStrata="LOW" name="$Parent_I">
								<Anchors>
									<Anchor point="BOTTOM">
										<Offset>
											<AbsDimension x="0" y="4" />
										</Offset>
									</Anchor>
									<Anchor point="TOP">
										<Offset>
											<AbsDimension x="0" y="-4" />
										</Offset>
									</Anchor>
									<Anchor point="LEFT">
										<Offset>
											<AbsDimension x="4" y="0" />
										</Offset>
									</Anchor>
									<Anchor point="RIGHT">
										<Offset>
											<AbsDimension x="-4" y="0" />
										</Offset>
									</Anchor>
								</Anchors>
							</Statusbar>
						</Frames>
						<Layers>
							<Layer>
								<FontString name="$Parent_Text" justifyH="CENTER" inherits="SystemFont_Small">
									<Anchors>
										<Anchor point="CENTER" />
									</Anchors>
								</FontString>	
							</Layer>
						</Layers>
					</Frame>

					<Button name="$Parent_DropDown" inherits="UIDropDownMenuTemplate">
						<Anchors>
							<Anchor point="TOPLEFT">
								<Offset>
									<AbsDimension x="0" y="-14"/>
								</Offset>	
							</Anchor>
						</Anchors>
					</Button>
				</Frames>
			</Frame>

			<Frame name="$parent_Tab6" hidden="true">
				<Anchors>
					<Anchor point="TOPLEFT"/>
					<Anchor point="BOTTOMRIGHT"/>
				</Anchors>
				<Scripts>
					<OnShow> REFlex_Tab6Show(); </OnShow>
				</Scripts>
				<Frames>
					<Frame name="$parent_ScoreHolderSpecial">
						<Size>
							<AbsDimension x="340" y="125"/>
						</Size>
						<Backdrop edgeFile="Interface\Tooltips\UI-Tooltip-Border" tile="true">
							<EdgeSize>
								<AbsValue val="16"/>
							</EdgeSize>
							<TileSize>
								<AbsValue val="16"/>
							</TileSize>
							<BackgroundInsets>
								<AbsInset left="5" right="5" top="5" bottom="5"/>
							</BackgroundInsets>
						</Backdrop>
						<Anchors>
							<Anchor point="TOP" >
								<Offset>
									<AbsDimension x="0" y="-45" />
								</Offset>
							</Anchor>
						</Anchors>
						<Frames>
							<Frame name="$Parent_BarHonor">
								<Size>
									<AbsDimension x="310" y="25"/>
								</Size>
								<Backdrop edgeFile="Interface\Tooltips\UI-Tooltip-Border" tile="true">
									<EdgeSize>
										<AbsValue val="16"/>
									</EdgeSize>
								</Backdrop>	
								<Anchors>
									<Anchor point="TOP">
										<Offset>
											<AbsDimension x="0" y="-35" />
										</Offset>
									</Anchor>
								</Anchors>
								<Frames>
									<Statusbar minValue="0" maxValue="4000" frameStrata="LOW" name="$Parent_I">
										<Anchors>
											<Anchor point="BOTTOM">
												<Offset>
													<AbsDimension x="0" y="4" />
												</Offset>
											</Anchor>
											<Anchor point="TOP">
												<Offset>
													<AbsDimension x="0" y="-4" />
												</Offset>
											</Anchor>
											<Anchor point="LEFT">
												<Offset>
													<AbsDimension x="4" y="0" />
												</Offset>
											</Anchor>
											<Anchor point="RIGHT">
												<Offset>
													<AbsDimension x="-4" y="0" />
												</Offset>
											</Anchor>
										</Anchors>
									</Statusbar>
								</Frames>
								<Layers>
									<Layer>
										<FontString name="$Parent_Text" justifyH="CENTER" inherits="SystemFont_Small">
											<Anchors>
												<Anchor point="CENTER" />
											</Anchors>
										</FontString>	
									</Layer>
								</Layers>
							</Frame>
							<Frame name="$Parent_BarCP">
								<Size>
									<AbsDimension x="310" y="25"/>
								</Size>
								<Backdrop edgeFile="Interface\Tooltips\UI-Tooltip-Border" tile="true">
									<EdgeSize>
										<AbsValue val="16"/>
									</EdgeSize>
								</Backdrop>	
								<Anchors>
									<Anchor point="TOP">
										<Offset>
											<AbsDimension x="0" y="-88" />
										</Offset>
									</Anchor>
								</Anchors>
								<Frames>
									<Statusbar frameStrata="LOW" name="$Parent_I">
										<Anchors>
											<Anchor point="BOTTOM">
												<Offset>
													<AbsDimension x="0" y="4" />
												</Offset>
											</Anchor>
											<Anchor point="TOP">
												<Offset>
													<AbsDimension x="0" y="-4" />
												</Offset>
											</Anchor>
											<Anchor point="LEFT">
												<Offset>
													<AbsDimension x="4" y="0" />
												</Offset>
											</Anchor>
											<Anchor point="RIGHT">
												<Offset>
													<AbsDimension x="-4" y="0" />
												</Offset>
											</Anchor>
										</Anchors>
									</Statusbar>
								</Frames>
								<Layers>
									<Layer>
										<FontString name="$Parent_Text" justifyH="CENTER" inherits="SystemFont_Small">
											<Anchors>
												<Anchor point="CENTER" />
											</Anchors>
										</FontString>	
									</Layer>
								</Layers>
							</Frame>
						</Frames>
						<Layers>
							<Layer>
								<FontString name="$Parent_Honor" justifyH="CENTER" inherits="SystemFont_Shadow_Huge1">
									<Anchors>
										<Anchor point="TOP">
											<Offset>
												<AbsDimension x="0" y="-10" />
											</Offset>
										</Anchor>
									</Anchors>
								</FontString>
								<FontString name="$Parent_CP" justifyH="CENTER" inherits="SystemFont_Shadow_Huge1">
									<Anchors>
										<Anchor point="TOP">
											<Offset>
												<AbsDimension x="0" y="-63" />
											</Offset>
										</Anchor>
									</Anchors>
								</FontString>
							</Layer>
						</Layers>
					</Frame>

					<Frame name="$parent_Table1">
						<Size>
							<AbsDimension x="340" y="25"/>
						</Size>
						<Anchors>
							<Anchor point="LEFT">
								<Offset>
									<AbsDimension x="15" y="-110"/>
								</Offset>
							</Anchor>
						</Anchors>
						<Layers>
							<Layer>
								<FontString name="$Parent_Label" justifyH="CENTER" inherits="SystemFont_Shadow_Med3">
									<Anchors>
										<Anchor point="TOP">
											<Offset>
												<AbsDimension y="32"/>
											</Offset>
										</Anchor>
									</Anchors>
								</FontString>
							</Layer>
						</Layers>
					</Frame>

					<Frame name="$parent_Table2">
						<Size>
							<AbsDimension x="340" y="25"/>
						</Size>
						<Anchors>
							<Anchor point="CENTER">
								<Offset>
									<AbsDimension y="-110"/>
								</Offset>
							</Anchor>
						</Anchors>
						<Layers>
							<Layer>
								<FontString name="$Parent_Label" justifyH="CENTER" inherits="SystemFont_Shadow_Med3">
									<Anchors>
										<Anchor point="TOP">
											<Offset>
												<AbsDimension y="32"/>
											</Offset>
										</Anchor>
									</Anchors>
								</FontString>
							</Layer>
						</Layers>
					</Frame>

					<Frame name="$parent_Table3">
						<Size>
							<AbsDimension x="340" y="25"/>
						</Size>
						<Anchors>
							<Anchor point="RIGHT">
								<Offset>
									<AbsDimension x="-15" y="-110"/>
								</Offset>
							</Anchor>
						</Anchors>
						<Layers>
							<Layer>
								<FontString name="$Parent_Label" justifyH="CENTER" inherits="SystemFont_Shadow_Med3">
									<Anchors>
										<Anchor point="TOP">
											<Offset>
												<AbsDimension y="32"/>
											</Offset>
										</Anchor>
									</Anchors>
								</FontString>
							</Layer>
						</Layers>
					</Frame>

					<Button name="$Parent_DropDown" inherits="UIDropDownMenuTemplate">
						<Anchors>
							<Anchor point="TOPLEFT">
								<Offset>
									<AbsDimension x="0" y="-14"/>
								</Offset>	
							</Anchor>
						</Anchors>
					</Button>
				</Frames>
			</Frame>

			<Frame name="$parent_SpecHolder">
				<Size>
					<AbsDimension x="1" y="1"/>
				</Size>
				<Anchors>
					<Anchor point="BOTTOMRIGHT">
						<Offset>
							<AbsDimension x="-205" y="-1"/>
						</Offset>
					</Anchor>
				</Anchors>
				<Scripts>
					<OnLoad> PanelTemplates_SetNumTabs(REFlex_MainTab_SpecHolder, 3); </OnLoad>
				</Scripts>
				<Frames>
					<Button name="$parentTab1" inherits="CharacterFrameTabButtonTemplate" id="1">
						<Anchors>
							<Anchor point="CENTER" relativePoint="BOTTOMLEFT">
								<Offset>
									<AbsDimension x="30" y="-10"/>
								</Offset>
							</Anchor>
						</Anchors>
						<Scripts>
							<OnClick>
								PanelTemplates_SetTab(REFlex_MainTab_SpecHolder, 1);
								REFlex_SpecTabClick(nil);
							</OnClick>
						</Scripts>
					</Button>
					<Button name="$parentTab2" inherits="CharacterFrameTabButtonTemplate" id="2">
						<Anchors>
							<Anchor point="LEFT" relativeTo="$parentTab1" relativePoint="RIGHT">
								<Offset>
									<AbsDimension x="-16" y="0"/>
								</Offset>
							</Anchor>
						</Anchors>
						<Scripts>
							<OnClick>
								PanelTemplates_SetTab(REFlex_MainTab_SpecHolder, 2);
								REFlex_SpecTabClick(1);
							</OnClick>
						</Scripts>
					</Button>
					<Button name="$parentTab3" inherits="CharacterFrameTabButtonTemplate" id="3">
						<Anchors>
							<Anchor point="LEFT" relativeTo="$parentTab2" relativePoint="RIGHT">
								<Offset>
									<AbsDimension x="-16" y="0"/>
								</Offset>
							</Anchor>
						</Anchors>
						<Scripts>
							<OnClick>
								PanelTemplates_SetTab(REFlex_MainTab_SpecHolder, 3);
								REFlex_SpecTabClick(2);
							</OnClick>
						</Scripts>
					</Button>
				</Frames>
			</Frame>

			<Button name="$parent_CloseButton" inherits="UIPanelCloseButton">
				<HitRectInsets>
					<AbsInset left="5" right="5" top="5" bottom="5"/>
				</HitRectInsets>
				<Anchors>
					<Anchor point="TOPRIGHT">
						<Offset>
							<AbsDimension x="-5" y="-5"/>
						</Offset>
					</Anchor>
				</Anchors>
			</Button>
			<Button name="$parent_CSVExport" inherits="OptionsButtonTemplate" text="CSV">
				<Size>
					<AbsDimension x="60" y="20"/>
				</Size>
				<Anchors>
					<Anchor point="RIGHT" relativeTo="REFlex_MainTab_CloseButton" relativePoint="LEFT">
						<Offset>
							<AbsDimension x="0" y="0"/>
						</Offset>	
					</Anchor>
				</Anchors>
				<Scripts>
					<OnClick> REFlex_ExportTab:Show(); </OnClick>
				</Scripts>		
			</Button>
			<Button name="$parent_Query" inherits="OptionsButtonTemplate">
				<Size>
					<AbsDimension x="120" y="20"/>
				</Size>
				<Anchors>
					<Anchor point="RIGHT" relativeTo="REFlex_MainTab_CloseButton" relativePoint="LEFT">
						<Offset>
							<AbsDimension x="0" y="0"/>
						</Offset>	
					</Anchor>
				</Anchors>
				<Scripts>
					<OnClick> REFlex_SendQuery(); </OnClick>
				</Scripts>		
			</Button>
			<Button name="$parent_MsgGuild" inherits="OptionsButtonTemplate">
				<Size>
					<AbsDimension x="60" y="20"/>
				</Size>
				<Anchors>
					<Anchor point="RIGHT" relativeTo="REFlex_MainTab_CSVExport" relativePoint="LEFT">
						<Offset>
							<AbsDimension x="-4" y="0"/>
						</Offset>	
					</Anchor>
				</Anchors>
				<Scripts>
					<OnClick> REFlex_MainOnClick("GUILD"); </OnClick>
				</Scripts>		
			</Button>
			<Button name="$parent_MsgParty" inherits="OptionsButtonTemplate">
				<Size>
					<AbsDimension x="60" y="20"/>
				</Size>
				<Anchors>
					<Anchor point="RIGHT" relativeTo="REFlex_MainTab_MsgGuild" relativePoint="LEFT">
						<Offset>
							<AbsDimension x="-4" y="0"/>
						</Offset>
					</Anchor>
				</Anchors>
				<Scripts>
					<OnClick> REFlex_MainOnClick("PARTY"); </OnClick>
				</Scripts>
			</Button>
			<Button name="$parentTab1" inherits="CharacterFrameTabButtonTemplate" id="1">
				<Scripts>
					<OnClick>
						PanelTemplates_SetTab(REFlex_MainTab, 1);
						REFlex_MainTab_Tab1:Show();
						REFlex_MainTab_Tab2:Hide();
						REFlex_MainTab_Tab3:Hide();
						REFlex_MainTab_Tab4:Hide();
						REFlex_MainTab_Tab5:Hide();
						REFlex_MainTab_Tab6:Hide();
						REFlex_MainTab_Tab7:Hide();
					</OnClick>
				</Scripts>
			</Button>
			<Button name="$parentTab2" inherits="CharacterFrameTabButtonTemplate" id="2">
				<Scripts>
					<OnClick>
						PanelTemplates_SetTab(REFlex_MainTab, 2);
						REFlex_MainTab_Tab1:Hide();
						REFlex_MainTab_Tab2:Show();
						REFlex_MainTab_Tab3:Hide();
						REFlex_MainTab_Tab4:Hide();
						REFlex_MainTab_Tab5:Hide();
						REFlex_MainTab_Tab6:Hide();
						REFlex_MainTab_Tab7:Hide();
					</OnClick>
				</Scripts>
			</Button>
			<Button name="$parentTab3" inherits="CharacterFrameTabButtonTemplate" id="3">
				<Scripts>
					<OnClick>
						PanelTemplates_SetTab(REFlex_MainTab, 3);
						REFlex_MainTab_Tab1:Hide();
						REFlex_MainTab_Tab2:Hide();
						REFlex_MainTab_Tab3:Show();
						REFlex_MainTab_Tab4:Hide();
						REFlex_MainTab_Tab5:Hide();
						REFlex_MainTab_Tab6:Hide();
						REFlex_MainTab_Tab7:Hide();
					</OnClick>
				</Scripts>
			</Button>
			<Button name="$parentTab4" inherits="CharacterFrameTabButtonTemplate" id="4">
				<Scripts>
					<OnClick>
						PanelTemplates_SetTab(REFlex_MainTab, 4);
						REFlex_MainTab_Tab1:Hide();
						REFlex_MainTab_Tab2:Hide();
						REFlex_MainTab_Tab3:Hide();
						REFlex_MainTab_Tab4:Show();
						REFlex_MainTab_Tab5:Hide();
						REFlex_MainTab_Tab6:Hide();
						REFlex_MainTab_Tab7:Hide();
					</OnClick>
				</Scripts>
			</Button>
			<Button name="$parentTab5" inherits="CharacterFrameTabButtonTemplate" id="5">
				<Scripts>
					<OnClick>
						PanelTemplates_SetTab(REFlex_MainTab, 5);
						REFlex_MainTab_Tab1:Hide();
						REFlex_MainTab_Tab2:Hide();
						REFlex_MainTab_Tab3:Hide();
						REFlex_MainTab_Tab4:Hide();
						REFlex_MainTab_Tab5:Show();
						REFlex_MainTab_Tab6:Hide();
						REFlex_MainTab_Tab7:Hide();
					</OnClick>
				</Scripts>
			</Button>
			<Button name="$parentTab6" inherits="CharacterFrameTabButtonTemplate" id="6">
				<Scripts>
					<OnClick>
						PanelTemplates_SetTab(REFlex_MainTab, 6);
						REFlex_MainTab_Tab1:Hide();
						REFlex_MainTab_Tab2:Hide();
						REFlex_MainTab_Tab3:Hide();
						REFlex_MainTab_Tab4:Hide();
						REFlex_MainTab_Tab5:Hide();
						REFlex_MainTab_Tab6:Show();
						REFlex_MainTab_Tab7:Hide();
					</OnClick>
				</Scripts>
			</Button>

			<Button name="$parentTab7" inherits="CharacterFrameTabButtonTemplate" id="7">
				<Scripts>
					<OnClick>
						PanelTemplates_SetTab(REFlex_MainTab, 7);
						REFlex_MainTab_Tab1:Hide();
						REFlex_MainTab_Tab2:Hide();
						REFlex_MainTab_Tab3:Hide();
						REFlex_MainTab_Tab4:Hide();
						REFlex_MainTab_Tab5:Hide();
						REFlex_MainTab_Tab6:Hide();
						REFlex_MainTab_Tab7:Show();
					</OnClick>
				</Scripts>
			</Button>
		</Frames>
	</Frame>

	<Frame name="REFlex_ExportTab" resizable="false" movable="true" hidden="true" parent="UIParent">
		<Size>
			<AbsDimension x="500" y="500"/>
		</Size>
		<Scripts>
			<OnLoad> self:RegisterForDrag("LeftButton"); tinsert(UISpecialFrames,"REFlex_ExportTab");</OnLoad>
			<OnShow> PlaySound("igCharacterInfoOpen"); REFlex_ExportTabShow(); </OnShow>
			<OnHide> PlaySound("igCharacterInfoClose"); </OnHide>
			<OnDragStart> self:StartMoving(); </OnDragStart>
			<OnDragStop> self:StopMovingOrSizing(); </OnDragStop>
		</Scripts>
		<Anchors>
			<Anchor point="CENTER"/>
		</Anchors>
		<Backdrop bgFile="Interface\DialogFrame\UI-DialogBox-Background" edgeFile="Interface\DialogFrame\UI-DialogBox-Border" tile="true">
			<EdgeSize>
				<AbsValue val="32"/>
			</EdgeSize>
			<TileSize>
				<AbsValue val="32"/>
			</TileSize>
			<BackgroundInsets>
				<AbsInset left="5" right="5" top="5" bottom="5"/>
			</BackgroundInsets>
		</Backdrop>
		<Layers>
			<Layer level="ARTWORK">
				<Texture name="$parent_Header" file="Interface\DialogFrame\UI-DialogBox-Header">
					<Size>
						<AbsDimension x="300" y="64"/>
					</Size>
					<Anchors>
						<Anchor point="TOP">
							<Offset>
								<AbsDimension x="0" y="12"/>
							</Offset>
						</Anchor>
					</Anchors>
				</Texture>
				<FontString name="$parent_Title" inherits="GameFontNormal" text="REFlex CSV Export">
					<Anchors>
						<Anchor point="TOP">
							<Offset>
								<AbsDimension x="0" y="-3" />
							</Offset>
						</Anchor>
					</Anchors>
				</FontString>
			</Layer>
		</Layers>
		<Frames>
			<Button name="$parent_CloseButton" inherits="UIPanelCloseButton">
				<HitRectInsets>
					<AbsInset left="5" right="5" top="5" bottom="5"/>
				</HitRectInsets>
				<Anchors>
					<Anchor point="TOPRIGHT">
						<Offset>
							<AbsDimension x="-5" y="-5"/>
						</Offset>
					</Anchor>
				</Anchors>
			</Button>
			<ScrollFrame name="$parent_Panel" inherits="UIPanelScrollFrameTemplate">
				<Anchors>
					<Anchor point="TOPLEFT">
						<Offset>
							<AbsDimension x="20" y="-35"/>
						</Offset>
					</Anchor>
					<Anchor point="BOTTOMRIGHT">
						<Offset>
							<AbsDimension x="-35" y="20"/>
						</Offset>
					</Anchor>
				</Anchors>
				<Frames>
					<EditBox name="$parent_Text">
						<Anchors>
							<Anchor point="TOPLEFT"/>
							<Anchor point="BOTTOMRIGHT"/>
						</Anchors>
						<Scripts>
							<OnEscapePressed> REFlex_ExportTab:Hide(); </OnEscapePressed>
						</Scripts>
					</EditBox>
				</Frames>
			</ScrollFrame>
		</Frames>
	</Frame>

	<Frame name="REFlex_GUI">
		<Scripts>
			<OnLoad> REFlex_GUIOnLoad(self); </OnLoad>
		</Scripts>
		<Frames>
			<CheckButton name="$parent_ShowMinimapButton" inherits="OptionsCheckButtonTemplate">
				<Anchors>
					<Anchor point="TOPLEFT">
						<Offset>
							<AbsDimension x="10" y="-10"></AbsDimension>
						</Offset>
					</Anchor>
				</Anchors>
			</CheckButton>
			<CheckButton name="$parent_ShowMiniBar" inherits="OptionsCheckButtonTemplate">
				<Anchors>
					<Anchor point="TOPLEFT">
						<Offset>
							<AbsDimension x="10" y="-35"></AbsDimension>
						</Offset>
					</Anchor>
				</Anchors>
			</CheckButton>
			<CheckButton name="$parent_OnlyNew" inherits="OptionsCheckButtonTemplate">
				<Anchors>
					<Anchor point="TOPLEFT">
						<Offset>
							<AbsDimension x="10" y="-60"></AbsDimension>
						</Offset>
					</Anchor>
				</Anchors>
			</CheckButton>
			<CheckButton name="$parent_AllowQuery" inherits="OptionsCheckButtonTemplate">
				<Anchors>
					<Anchor point="TOPLEFT">
						<Offset>
							<AbsDimension x="10" y="-85"></AbsDimension>
						</Offset>
					</Anchor>
				</Anchors>
			</CheckButton>
			<CheckButton name="$parent_LDBBGMorph" inherits="OptionsCheckButtonTemplate">
				<Anchors>
					<Anchor point="TOPLEFT">
						<Offset>
							<AbsDimension x="10" y="-180"></AbsDimension>
						</Offset>
					</Anchor>
				</Anchors>
			</CheckButton>
			<CheckButton name="$parent_LDBShowPlace" inherits="OptionsCheckButtonTemplate">
				<Anchors>
					<Anchor point="TOPLEFT">
						<Offset>
							<AbsDimension x="25" y="-205"></AbsDimension>
						</Offset>
					</Anchor>
				</Anchors>
			</CheckButton>
			<CheckButton name="$parent_LDBHK" inherits="OptionsCheckButtonTemplate">
				<Anchors>
					<Anchor point="TOPLEFT">
						<Offset>
							<AbsDimension x="10" y="-230"></AbsDimension>
						</Offset>
					</Anchor>
				</Anchors>
			</CheckButton>
			<CheckButton name="$parent_LDBShowQueues" inherits="OptionsCheckButtonTemplate">
				<Anchors>
					<Anchor point="TOPLEFT">
						<Offset>
							<AbsDimension x="10" y="-255"></AbsDimension>
						</Offset>
					</Anchor>
				</Anchors>
			</CheckButton>
			<CheckButton name="$parent_LDBShowTotalBG" inherits="OptionsCheckButtonTemplate">
				<Anchors>
					<Anchor point="TOPLEFT">
						<Offset>
							<AbsDimension x="10" y="-280"></AbsDimension>
						</Offset>
					</Anchor>
				</Anchors>
			</CheckButton>
			<CheckButton name="$parent_LDBShowTotalArena" inherits="OptionsCheckButtonTemplate">
				<Anchors>
					<Anchor point="TOPLEFT">
						<Offset>
							<AbsDimension x="10" y="-305"></AbsDimension>
						</Offset>
					</Anchor>
				</Anchors>
			</CheckButton>
			<CheckButton name="$parent_LDBCPCap" inherits="OptionsCheckButtonTemplate">
				<Anchors>
					<Anchor point="TOPLEFT">
						<Offset>
							<AbsDimension x="10" y="-330"></AbsDimension>
						</Offset>
					</Anchor>
				</Anchors>
			</CheckButton>
			<CheckButton name="$parent_ArenaSupport" inherits="OptionsCheckButtonTemplate">
				<Anchors>
					<Anchor point="TOPLEFT">
						<Offset>
							<AbsDimension x="10" y="-380"></AbsDimension>
						</Offset>
					</Anchor>
				</Anchors>
			</CheckButton>
			<CheckButton name="$parent_ShowDetectedBuilds" inherits="OptionsCheckButtonTemplate">
				<Anchors>
					<Anchor point="TOPLEFT">
						<Offset>
							<AbsDimension x="25" y="-405"></AbsDimension>
						</Offset>
					</Anchor>
				</Anchors>
			</CheckButton>
			<CheckButton name="$parent_RBGSupport" inherits="OptionsCheckButtonTemplate">
				<Anchors>
					<Anchor point="TOPLEFT">
						<Offset>
							<AbsDimension x="10" y="-430"></AbsDimension>
						</Offset>
					</Anchor>
				</Anchors>
			</CheckButton>
			<CheckButton name="$parent_UNBGSupport" inherits="OptionsCheckButtonTemplate">
				<Anchors>
					<Anchor point="TOPLEFT">
						<Offset>
							<AbsDimension x="10" y="-455"></AbsDimension>
						</Offset>
					</Anchor>
				</Anchors>
			</CheckButton>
			<Slider name="$parent_SliderScale" inherits="OptionsSliderTemplate" minValue="0.1" maxValue="2" orientation="HORIZONTAL">
				<Size>
					<AbsDimension x="200" y="16"/>
				</Size>
				<Anchors>
					<Anchor point="TOPLEFT">
						<Offset>
							<AbsDimension x="16" y="-125"/>
						</Offset>
					</Anchor>
				</Anchors>
				<Layers>
					<Layer level="ARTWORK">
						<FontString name="$parentValue" inherits="GameFontHighlight">
							<Anchors>
								<Anchor point="TOP" relativePoint="BOTTOM"/>
							</Anchors>
						</FontString>
					</Layer>
				</Layers>
				<Scripts>
					<OnValueChanged> REFlex_GUIScaleSlider(); </OnValueChanged>
				</Scripts>
			</Slider>
		</Frames>
	</Frame>

	<Frame name="REFlex_GUI_Modules_Virtual" virtual="true">
		<Size>
			<AbsDimension x="10" y="10" />
		</Size>
		<Layers>
			<Layer>
				<FontString name="$parent_Name" inherits="SystemFont_Med2" justifyH="LEFT">
					<Size>
						<AbsDimension x="85" y="10" />
					</Size>
					<Anchors>
						<Anchor point="LEFT">
							<Offset>
								<AbsDimension x="10" y="0" />
							</Offset>
						</Anchor>
					</Anchors>
				</FontString>
			</Layer>
		</Layers>
		<Frames>
			<Button name="$parent_Bar1Button" inherits="OptionsButtonTemplate">
				<Anchors>
					<Anchor point="LEFT" relativeTo="$parent_Name" relativePoint="RIGHT">
						<Offset>
							<AbsDimension x="15" y="11"/>
						</Offset>	
					</Anchor>
				</Anchors>
			</Button>
			<Button name="$parent_Bar2Button" inherits="OptionsButtonTemplate">
				<Anchors>
					<Anchor point="LEFT" relativeTo="$parent_Bar1Button" relativePoint="RIGHT">
						<Offset>
							<AbsDimension x="5" y="0"/>
						</Offset>	
					</Anchor>
				</Anchors>
			</Button>
			<Button name="$parent_HideButton" inherits="OptionsButtonTemplate">
				<Anchors>
					<Anchor point="LEFT" relativeTo="$parent_Bar2Button" relativePoint="RIGHT">
						<Offset>
							<AbsDimension x="5" y="0"/>
						</Offset>	
					</Anchor>
				</Anchors>
			</Button>
			<Button name="$parent_LeftButton" inherits="OptionsButtonTemplate">
				<Anchors>
					<Anchor point="LEFT" relativeTo="$parent_Name" relativePoint="RIGHT">
						<Offset>
							<AbsDimension x="15" y="-11"/>
						</Offset>	
					</Anchor>
				</Anchors>
			</Button>
			<Button name="$parent_RightButton" inherits="OptionsButtonTemplate">
				<Anchors>
					<Anchor point="LEFT" relativeTo="$parent_LeftButton" relativePoint="RIGHT">
						<Offset>
							<AbsDimension x="5" y="0"/>
						</Offset>	
					</Anchor>
				</Anchors>
			</Button>
		</Frames>
	</Frame>

	<Frame name="REFlex_GUI_Modules">
		<Scripts>
			<OnLoad> REFlex_GUIModulesOnLoad(self); </OnLoad>
			<OnShow> REFlex_GUIModulesOnShow(); </OnShow>
		</Scripts>
	</Frame>

	<Frame name="REFlex_MiniBar_Cell" virtual="true" resizable="false" movable="true" hidden="true" parent="UIParent">
		<Size>
			<AbsDimension x="155" y="35"/>
		</Size>
		<Backdrop bgFile="Interface\DialogFrame\UI-DialogBox-Background" tile="true">
			<TileSize>
				<AbsValue val="32"/>
			</TileSize>
			<BackgroundInsets>
				<AbsInset left="5" right="5" top="5" bottom="5"/>
			</BackgroundInsets>
		</Backdrop>
		<Layers>
			<Layer>
				<FontString name="$Parent_Label" inherits="SystemFont_Outline">
					<Color r="0.8" g="0.5" b="0" a="1"/>
					<Anchors>
						<Anchor point="TOPLEFT">
							<Offset>
								<AbsDimension x="10" y="-10" />
							</Offset>
						</Anchor>
					</Anchors>
				</FontString>
				<FontString name="$Parent_Value" inherits="SystemFont_Med2">
					<Anchors>
						<Anchor point="TOPLEFT">
							<Offset>
								<AbsDimension x="50" y="-10" />
							</Offset>
						</Anchor>
					</Anchors>
				</FontString>
			</Layer>
		</Layers>
	</Frame>

	<Frame name="REFlex_MiniBar_Cell_Prime" virtual="true" resizable="false" movable="true" hidden="true" parent="UIParent">
		<Size>
			<AbsDimension x="155" y="35"/>
		</Size>
		<Scripts>
			<OnLoad> self:RegisterForDrag("LeftButton");</OnLoad>
			<OnDragStart> self:StartMoving(); </OnDragStart>
			<OnDragStop> self:StopMovingOrSizing(); </OnDragStop>
		</Scripts>
		<Backdrop bgFile="Interface\DialogFrame\UI-DialogBox-Background" tile="true">
			<TileSize>
				<AbsValue val="32"/>
			</TileSize>
			<BackgroundInsets>
				<AbsInset left="5" right="5" top="5" bottom="5"/>
			</BackgroundInsets>
		</Backdrop>
		<Layers>
			<Layer>
				<FontString name="$Parent_Label" inherits="SystemFont_Outline">
					<Color r="0.8" g="0.5" b="0" a="1"/>
					<Anchors>
						<Anchor point="TOPLEFT">
							<Offset>
								<AbsDimension x="10" y="-10" />
							</Offset>
						</Anchor>
					</Anchors>
				</FontString>
				<FontString name="$Parent_Value" inherits="SystemFont_Med2">
					<Anchors>
						<Anchor point="TOPLEFT">
							<Offset>
								<AbsDimension x="50" y="-10" />
							</Offset>
						</Anchor>
					</Anchors>
				</FontString>
			</Layer>
		</Layers>
	</Frame>

	<Button name="REFlex_MinimapButton" toplevel="true" parent="Minimap" enableMouse="true" movable="true" hidden="true">
		<Size>
			<AbsDimension x="33" y="33"/>
		</Size>
		<Anchors>
			<Anchor point="TOPLEFT"/>
		</Anchors>
		<Layers>
			<Layer level="ARTWORK">
				<Texture name="$parent_Icon" file="Interface\PvPRankBadges\PvPRank09">
					<Size>
						<AbsDimension x="21" y="21"/>
					</Size>
					<Anchors>
						<Anchor point="TOPLEFT">
							<Offset>
								<AbsDimension x="7" y="-6"/>
							</Offset>
						</Anchor>
					</Anchors>
				</Texture>
			</Layer>
			<Layer level="OVERLAY">
				<Texture file="Interface\Minimap\MiniMap-TrackingBorder">
					<Size>
						<AbsDimension x="56" y="56"/>
					</Size>
					<Anchors>
						<Anchor point="TOPLEFT"/>
					</Anchors>
				</Texture>
			</Layer>
		</Layers>
		<Frames>
			<Frame name="$parent_DraggingFrame" hidden="true">
				<Scripts>
					<OnUpdate>
						REFlex_MinimapButtonDrag()
					</OnUpdate>
				</Scripts>
			</Frame>
		</Frames>
		<HighlightTexture alphaMode="ADD" file="Interface\Minimap\UI-Minimap-ZoomButton-Highlight"/>
		<Scripts>
			<OnLoad>
				REFlex_MinimapButton:RegisterForClicks("LeftButtonUp","RightButtonUp")
				REFlex_MinimapButton:RegisterForDrag("LeftButton","RightButton")
			</OnLoad>
			<OnDragStart>
				REFlex_MinimapButton:LockHighlight()
				REFlex_MinimapButton_DraggingFrame:Show()
			</OnDragStart>
			<OnDragStop>
				REFlex_MinimapButton:UnlockHighlight()
				REFlex_MinimapButton_DraggingFrame:Hide()
			</OnDragStop>
			<OnClick>
				REFlex_MinimapButtonClick(button)
			</OnClick>
		</Scripts>
	</Button>
</Ui>